date,artist,venue,type,link,source
2026-10-09,MILE KEKIN,Tvornica Kulture,Concert,https://www.tvornicakulture.com/2026/03/mile-kekin-u-tvornici-kulture-2/,Tvornica
2026-10-10,Jasna Zlokić @ Zagreb – Tvornica Kulture,Tvornica Kulture,Concert,https://www.tvornicakulture.com/2026/04/jasna-zlokic-zagreb-tvornica-kulture/,Tvornica
2026-10-11,BURN OUT –  THE HAHAS AND THE BLABLAS / HOW YES NO,Tvornica Kulture,Concert,https://www.tvornicakulture.com/2026/09/burn-out-the-hahas-and-the-blablas-how-yes-no/,Tvornica
2026-10-14,Freedom – A Tribute to George Michael @ Tvornica Kulture,Tvornica Kulture,Concert,https://www.tvornicakulture.com/2026/08/freedom-a-tribute-to-george-michael-tvornica-kulture/,Tvornica
2026-10-15,NEW MODEL ARMY Justin Sullivan & Dean White,Tvornica Kulture,Concert,https://www.tvornicakulture.com/2026/08/new-model-army-justin-sullivan-dean-white-u-tvornici-kulture/,Tvornica
2026-10-17,Porto Morto,Tvornica Kulture,Concert,https://www.tvornicakulture.com/2026/07/porto-morto-u-tvornici-kulture/,Tvornica
2026-10-18,HOJSAK & NOVOSEL – NAŠIH 10 (uz goste V. Stefanovski i P. Galić),Tvornica Kulture,Concert,https://www.tvornicakulture.com/2026/04/hojsak-novosel-nasih-10/,Tvornica
2026-10-20,GZUZ,Tvornica Kulture,Concert,https://www.tvornicakulture.com/2026/03/gzuz/,Tvornica
2026-10-21,IGOR GERŽINA – CROSSOVER EXPERIENCE 2.0,Tvornica Kulture,Concert,https://www.tvornicakulture.com/2026/09/igor-gerzina-crossover-experience-2-0/,Tvornica
2026-10-24,DALEKA OBALA  / Jakša i Hrepa kvartet,Tvornica Kulture,Concert,https://www.tvornicakulture.com/2026/06/daleka-obala-jaksa-i-hrepa-kvartet/,Tvornica
2026-10-30,Ki Klop,Tvornica Kulture,Concert,https://www.tvornicakulture.com/2026/03/ki-klop-najavljuje-najveci-samostalni-koncert-u-tvornici-kulture/,Tvornica
2026-10-31,ŠTAŠ BIT ZA HALLOWEEN?,Tvornica Kulture,Concert,https://www.tvornicakulture.com/2026/09/stas-bit-za-halloween-4/,Tvornica
2026-11-06,MERI CETINIĆ,Tvornica Kulture,Concert,https://www.tvornicakulture.com/2026/09/meri-cetinic-u-tvornici-kulture/,Tvornica
2026-11-07,ELEKTRIČNI ORGAZAM + posebna gošća ANICA DOBRA,Tvornica Kulture,Concert,https://www.tvornicakulture.com/2026/07/elektricni-orgazam-posebna-gosca-anica-dobra/,Tvornica
2026-11-11,DAVID TEMELKOV,Tvornica Kulture,Concert,https://www.tvornicakulture.com/2026/09/david-temelkov-u-tvornici-kulture/,Tvornica
2026-11-12,KLINIKA DENISA KATANECA,Tvornica Kulture,Concert,https://www.tvornicakulture.com/2026/07/klinika-denisa-kataneca-u-tvornici-kulture/,Tvornica
2026-11-13,CLAN OF XYMOX,Tvornica Kulture,Concert,https://www.tvornicakulture.com/2026/02/clan-of-xymox-u-tvornici-kulture/,Tvornica
2026-11-14,LET 3,Tvornica Kulture,Concert,https://www.tvornicakulture.com/2026/09/let-3-u-tvornici-kulture/,Tvornica
2026-11-17,SUEDE – YAMMATOVO 6 fueled by Cockta,Tvornica Kulture,Concert,https://www.tvornicakulture.com/2026/07/suede-yammatovo-6-fueled-by-cockta/,Tvornica
2026-11-18,THE DARTS,Tvornica Kulture,Concert,https://www.tvornicakulture.com/2026/08/the-darts-u-tvornici-kulture/,Tvornica
2026-11-20,PSIHOMODO POP,Tvornica Kulture,Concert,https://www.tvornicakulture.com/2026/09/psihomodo-pop-u-tvornici-kulture/,Tvornica
2026-11-21,JURA STUBLIĆ & FILM,Tvornica Kulture,Concert,https://www.tvornicakulture.com/2026/07/jura-stublic-film-u-tvornici-kulture-3/,Tvornica
2026-11-25,MARKO VUKES – prvi solistički koncert,Tvornica Kulture,Concert,https://www.tvornicakulture.com/2026/05/marko-vukes-prvi-solisticki-koncert/,Tvornica
2026-11-26,NIKOLA VRANJKOVIĆ,Tvornica Kulture,Concert,https://www.tvornicakulture.com/2026/09/nikola-vranjkovic-u-tvornici-kulture/,Tvornica
2026-11-27,Zoster,Tvornica Kulture,Concert,https://www.tvornicakulture.com/2026/09/zoster-u-tvornici-kulture/,Tvornica
2026-11-28,"NIKOLA KOJO – muzička predstava ""KAKO SAM PRESTAO DA PEVAM POD TUŠEM""",Tvornica Kulture,Concert,https://www.tvornicakulture.com/2026/09/nikola-kojo-muzicka-predstava-kako-sam-prestao-da-pevam-pod-tusem/,Tvornica
2026-11-29,Sharon Kovacs,Tvornica Kulture,Concert,https://www.tvornicakulture.com/2026/06/sharon-kovacs-u-tvornici-kulture/,Tvornica
2026-12-05,SHTOSMO,Tvornica Kulture,Concert,https://www.tvornicakulture.com/2026/10/shtosmo-u-tvornici/,Tvornica
2026-12-13,BUZZCOCKS,Tvornica Kulture,Concert,https://www.tvornicakulture.com/2026/09/buzzcocks-u-tvornici-kulture/,Tvornica
2026-12-26,Studio 54 by Tomo Ricov,Tvornica Kulture,Concert,https://www.tvornicakulture.com/2026/02/studio-54-by-tomo-ricov/,Tvornica
2027-01-08,SWINGERS present's ELVIS!,Tvornica Kulture,Concert,https://www.tvornicakulture.com/2026/02/swingers-presents-elvis-u-tvornici-kulture/,Tvornica
2027-01-29,ŽIVO BLATO,Tvornica Kulture,Concert,https://www.tvornicakulture.com/2026/10/zivo-blato-u-tvornici-kulture/,Tvornica
